Index,0 [0x0][0x0],1 [0x6][0x4],2 [0x5][0xc],3 [0x3][0x10],4 [0x6][0x8],5 [0x19][0x11],6 [0x5][0xe]
0,"",0,0,0,0,true,0
1,"쑥쑥 자라는 해조. 이름은 1말름(약 1600m)이나 되는 미역이 떠내려왔다는 전설에서 유래했다.",4776,4,0,128,true,0
2,"낚싯바늘이 없어도 낚을 수 있다고 할 만큼 식욕이 왕성하다. 눈앞에서 움직이는 물체는 뭐든 집게발로 붙잡으려 한다.",4925,2,2,148,true,0
3,"번식기가 되면 머리나 배, 꼬리 지느러미가 화려한 색으로 바뀐다. 이 아름다운 혼인색 때문에 관상어로 인기가 많다.",4926,3,2,134,true,0
4,"다른 큰 물고기의 먹잇감으로 먹이사슬을 떠받친다. 미끼로 많이 쓰기 때문에 어부에게는 친숙한 물고기.",4869,3,0,134,true,0
5,"키키룬 선원이 배 창고에서 썩은 물고기를 발견했다. 먹어봤더니 매우 맛이 좋았는데, 이것이 멸치 절임의 시초이다.",4870,3,0,134,true,0
6,"커르다스 민담에 따르면, 옛날에는 하늘을 날아다녔지만 건방진 태도 때문에 신들에게 벌을 받아 물속에서 기어 다니게 되었다고 한다.",4927,4,2,148,true,0
7,"물에서 낚아올리면 등지느러미와 뼈를 비비며 '기기기기기' 하고 낮은 소리로 운다. 낚인 게 억울한 것 같다.",4928,4,2,134,true,0
8,"손가락만큼 작은 새우. 국물 재료에 주로 쓰며 낚시 미끼로도 좋다.",4871,4,0,134,true,0
9,"햇볕이 없는 곳에서 주로 서식하므로 껍질이 희게 바랬다. 특히 탈피 직후에는 거의 투명해진다.",4929,5,2,148,true,0
10,"바위처럼 보이지만 엄연한 생물. 잘 가공하면 하얗고 아름다운 광택을 내기 때문에 '바다의 보석'이라고도 불린다.",5460,5,0,134,true,0
11,"송어낚시 초보자도 쉽게 낚을 수 있는 물고기. 하지만 노련한 어부도 나중에 가면 다시 이 물고기를 즐겨 낚는다고 한다.",4930,5,2,134,true,0
12,"아주 평범한 해파리. 샬레이안 박물학자에 의해 아홉 단계에 걸쳐 성장한다는 것이 밝혀졌다.",4872,6,0,134,true,0
13,"바일브랜드 섬 민물에서 살게 된 망둥이의 일종. 망둥이는 서식지에 따라 다양한 빛깔을 지닌다.",4931,6,2,134,true,0
14,"겉모습이 징그러워 싫어하는 사람이 많지만, 비취 바다에 떠 있는 마즐라야 섬이나 근동 사베네어 섬에서는 말려서 먹기도 한다.",4873,7,0,135,true,0
15,"항만 부근에서 헤엄치기 때문에 쉽게 낚을 수 있는 물고기. 해양도시 림사 로민사에서 특히 자주 보인다.",4874,7,0,134,true,0
16,"매우 사나운 육식 물고기. 물에 들어온 아이나 가축을 물어뜯는 경우도 자주 있다. 찜구이로 먹으면 맛있다.",4932,7,2,148,true,0
17,"붉은빛을 띠는 가재. 어릴 때는 푸른 기가 도는 잿빛이지만 성장하면서 점점 붉어진다고 한다.",4933,8,2,137,true,0
18,"맛있기로 유명한 조개. 바닷가에 사는 주민들이 갖가지 가정요리에 즐겨 쓴다.",4875,8,0,135,true,0
19,"물속에서 모래를 비집고 숨는 습성이 있다. 그 때문에 라노시아에서는 겁쟁이를 '모래무지 같은 녀석'이라고 부른다.",4934,8,2,134,true,0
20,"레몬색 몸에 옅은 줄무늬를 가진 아름다운 물고기. 금색을 좋아하는 울다하 부자들 사이에서 관상어로 인기가 많다.",4876,9,0,134,true,0
21,"미끌미끌하고 길쭉한 물고기. 라라펠족 농민은 즐겨 먹지만 보통 흙비린내가 난다며 싫어한다.",4935,9,3,152,true,0
22,"산신 오쉬온에게 밟혀 죽은 민물고기를 여신 리믈렌이 가엾게 여겨 납작한 바닷물고기로 되살려주었다고 한다.",4877,10,0,135,true,0
23,"잡식성이라 큼직한 것도 쉽게 잡을 수 있어 어부에게 인기 있다. 소금을 뿌려서 굽기만 해도 맛있다는 점도 인기 비결.",4936,10,2,148,true,0
24,"아주 작은 물고기. 커르다스 지방에서는 귀한 식재료로 여긴다. 낚은 자리에서 바로 요리해 먹는 사람도 있다.",4937,35,2,155,true,0
25,"빛이 없는 곳에서 살다 보니 눈이 퇴화했지만, 천적이 없기에 별 문제는 없다. 물 흐름이 달라지는 것을 감지해 먹이를 잡아먹는다.",4938,31,3,135,true,0
26,"껍질이 너무 딱딱하고 살이 없어 식용으로는 적합하지 않다. 미끼를 가로채기도 해서 어부들이 싫어한다.",4878,12,0,135,true,0
27,"지느러미로 진흙을 기어 다니는 이상한 물고기. 툭 튀어나온 눈은 얕은 물웅덩이에서 적을 발견하기 위한 것이라고 한다.",4939,13,3,140,true,0
28,"털바늘 루어로 낚을 수 있는 물고기. 소금구이는 물론 튀김, 뫼니에르 등 다양한 요리로 만든다.",4940,15,2,155,true,0
29,"죽은 물고기나 해조류를 먹기 때문에 '강의 청소부'라고 불린다. 이 게가 사라지면 강이 탁해진다고 한다.",4941,15,2,152,true,0
30,"몸 표면에 화려한 무늬가 있는 물고기. 그 무늬가 오사드 대륙에 사는 야생 '호랑이'와 닮아서 호랑대구라 불린다.",4879,15,0,135,true,0
31,"호전적이고 영역 의식이 강해서 같은 종을 한 수조에 넣으면 어느 한쪽이 죽을 때까지 싸운다. 굳이 기른다면 한 마리씩.",4942,16,3,148,true,0
32,"판금 투구 같은 껍질이 특징인 게. 얼핏 게와 비슷하지만 박물학자 아텔루네의 설에 의하면 거미전갈에 가깝다.",4880,16,0,135,true,0
33,"에오르제아에서 흔히 보이는 작은 농어. 서식지가 겹치는 어둑농어와 치열한 생존경쟁을 펼치고 있다.",4943,17,3,140,true,0
34,"껍질이 동그랗게 말려있다. 떫은맛을 정성껏 빼면 먹을 수 있지만 조금만 잘못 조리해도 매우 비리고 맛없다.",4944,17,2,140,true,0
35,"로들리트 만에서 나는 것이 특히 좋다고 한다. 갓 딴 로들리트 굴에 태양 레몬즙을 뿌리기만 해도 대단히 맛있다.",4881,17,0,135,true,0
36,"느리고 둔하지만 먹잇감을 잡을 때는 놀랄 만큼 잽싸게 움직인다.",4945,18,2,153,true,0
37,"이름 그대로 라노시아 하천에서 자주 보이는 물고기. 작은 물고기를 잡아먹기 때문에 피라미 루어로 쉽게 낚을 수 있다.",4946,18,2,134,true,0
38,"커다란 물고기로부터 도망치기 위해 지느러미를 펼치고 날아오르는 물고기. 그 모습은 여신 리믈렌이 던진 단검에 비유된다.",4882,18,1,138,true,0
39,"옛 전쟁에서 농성전을 벌일 때 식량으로 삼기 위해 가까운 비취 호수에 풀어놓았다는 전설이 있다.",4947,19,3,132,true,0
40,"따뜻한 남쪽 바다에서 자라는 아리따운 물고기. 가끔 해류를 타고 흘러오기 때문에 에오르제아에서도 낚을 수 있다.",4883,19,1,134,true,0
41,"인위적으로 교배를 되풀이하면서 구릿빛을 띠게 된 관상어. 동방에서 들어온 것이 방류되며 널리 퍼졌다.",4948,20,3,140,true,0
42,"강에서 태어나 바다에서 자라고, 다시 강으로 돌아가 알을 낳은 뒤 죽는다. 그 때문에 생명의 순환을 상징하기도 한다.",4949,20,2,139,true,0
43,"깜짝 놀라면 숨어있던 구멍에서 튀어나온다. 이 습성을 아는 바닷새는 구멍에 돌멩이를 떨어뜨려 잡아먹는다.",4884,20,0,135,true,0
44,"진흙투성이가 되어 포식자의 눈을 속였기 때문에, 옛날에는 '진흙에서 태어나는 골렘의 일종'이라고 여겨졌다.",4950,21,2,141,true,0
45,"촉수를 출렁이며 춤추듯 헤엄친다. 이것이 구애 행동이라는 설과 노폐물을 제거하는 것이라는 설이 있으며, 지금도 논쟁이 이어지고 있다.",4885,21,1,135,true,0
46,"위에서 봤을 때 가장 아름답도록 품종을 개량한 관상어. 하지만 인공교배를 계속하지 않으면 색이 옅어진다.",4951,21,2,148,true,0
47,"피처럼 붉은 껍질이 특징. 태양의 여신 아제마가 흘린 피에서 태어났다는 전설이 있을 정도다.",4952,22,2,140,true,0
48,"비취처럼 진한 녹색을 띠는 장어. 몸 색깔은 식성이나 서식지 수질에 따라 조금씩 달라지는 듯하다.",4953,22,2,139,true,0
49,"침묵독을 가진 위험한 물고기. 어느 가정에서 실수로 식탁에 올렸다가 가족 간의 대화가 끊어져서 집안이 풍비박산 났다.",4886,22,0,137,true,0
50,"불순물을 몸 안에 쌓아두기 때문에 비려서 식용으로 적합하지 않다. 하지만 이 조개 덕분에 서식지 수질이 유지된다.",4954,23,3,139,true,0
51,"털바늘 루어로 낚시를 즐기기에 딱 좋은 물고기. 단, 찬물에 주로 살기 때문에 낚시를 마치고 따뜻한 온천은 필수.",4955,23,2,139,true,0
52,"유리처럼 속이 훤히 비치기 때문에 물속에 있으면 알아차리기 어렵다. 얼마 전까지 존재조차 알려지지 않았던 물고기.",4956,24,2,134,true,0
53,"한때 '먹으면 시력이 좋아진다'는 소문이 퍼져서 크게 유행했지만, 엄청나게 맛이 없었기 때문에 곧 잊혀졌다.",4957,24,2,139,true,0
54,"칼날처럼 뾰족한 지느러미를 가진 물고기. 종종 그 날카로운 지느러미로 어망을 찢기도 한다.",4887,24,1,138,true,0
55,"장어 파이 재료로 많이 쓰는 물고기. 낮에는 구멍에 숨어서 꼼짝 않고 있다가, 밤이 되면 활발하게 먹이를 찾는다.",4958,25,2,153,true,0
56,"살아남은 생물이 거의 없다는 남방대륙에서 들여온 품종. 생명력이 무척 강해서 낯선 곳에서도 잘 번식한다.",4959,25,3,141,true,0
57,"시선을 사로잡을 만큼 푸른빛을 띤 산호. 그 빛깔은 바다의 이름을 따서 '로타노 블루'라 불리며 매우 사랑받는다.",5461,25,1,137,true,0
58,"듬직한 몸집 때문에 요마 '오거'의 이름이 붙은 대형어. 진짜 오거를 상대하는 것보다는 잡기 편하다고 한다.",4888,25,1,134,true,0
59,"방패 모양 껍질 때문에 전설의 '이지스 방패'와 같은 이름이 붙었다. 박물학자는 고대종이라 추정한다.",4960,26,3,141,true,0
60,"독특하게 생긴 주둥이로 물에 뜬 나무나 바위에서 자라는 해조를 먹는 작은 물고기. 대부분 5일름(약 13cm) 정도로 자라난다.",4961,26,3,153,true,0
61,"빛을 내는 유인돌기로 작은 물고기를 유인해 잡아먹기 때문에 '어부고기'라고도 불린다. 어부에게는 행운의 상징이다.",4889,26,1,140,true,0
62,"해마와 해룡 중 어떤 이름을 붙일지를 두고 학자들이 서로 싸웠다. 하지만 그중에 실제로 말이나 용을 본 사람은 아무도 없었다.",4890,26,0,137,true,0
63,"가끔 나무 위에서 발견되기 때문에 '나무를 오르는 물고기'라는 이름이 붙었다. 하지만 실제로는 새가 잡아서 옮긴 것이다.",4962,27,3,153,true,0
64,"호수 바닥에 숨어 사는 거대어. 감각기관인 긴 수염으로 먹잇감이 일으키는 진동을 감지하고 눈앞의 먹이를 단번에 집어삼킨다.",4963,27,3,154,true,0
65,"독특한 연분홍빛 몸 색깔은 손가락새우를 주로 먹기 때문인 것 같다. 비아나크 섬에서 잡히는 것이 특히 맛있다.",4891,27,1,137,true,0
66,"번개기운을 뿜어 먹잇감을 기절시키고 잡아먹는 무시무시한 물고기. 멋모르고 가까이 갔다가 호되게 당하는 사람이 해마다 몇 명씩 나온다.",4964,28,3,153,true,0
67,"신발 밑창처럼 납작한 물고기. 구워서 돈버섯 양념을 뿌려 먹으면 아주 맛있다.",4892,28,0,135,true,0
68,"가시 돋친 빨판 주둥이로 먹잇감에 달라붙어 체액을 빨아먹는 물고기. 한때 울다하에서는 왕과 귀족들이 즐겨 먹기도 했다.",4965,29,2,146,true,0
69,"도마뱀 머리뼈를 투구처럼 뒤집어쓰고 영역다툼을 벌이는 신기한 물고기. 몸집이 클수록 커다란 머리뼈를 쓰기 때문에 유리한 모양이다.",4966,29,2,146,true,0
70,"망치처럼 생긴 머리로 잽싸게 먹잇감을 감지하는 상어. 무리를 지어 다니며, 많을 때는 백 마리 단위로 움직인다.",4893,29,1,138,true,0
71,"식재료로 유명한 물고기. 이 물고기는 해마다 강을 거슬러 올라가는데, 마물이나 짐승에게도 귀한 먹잇감이다.",4967,28,2,145,true,0
72,"북쪽 바다에 사는 바다늑대족은 얇게 잘라 먹기도 한다. 오독오독 씹는 맛이 일품이라는데……",4894,30,0,137,true,0
73,"바위 표면에 달라붙기 위한 입이 특징이다. 다양한 색과 무늬가 있는데, 그중에서도 얼룩무늬가 특히 아름답다.",4968,30,3,152,true,0
74,"왜 해조류에서 빛이 나는지 여러 가지 가설이 있으나 아직 수수께끼다. 이승을 떠도는 망령이 한 짓이라 여기기도 한다.",5544,31,3,135,true,0
75,"중요한 식재료이자, 대형 육식어를 낚는 미끼로도 쓰인다. 어부 길드에서 다루는 물고기 중 가장 많이 잡힌다.",4895,31,0,137,true,0
76,"가늘고 긴 몸통은 단단한 비늘로 빈틈없이 덮여있다. 숨을 쉬기 위해 가끔 물 밖으로 입을 내미는 것도 특징이다.",4969,32,3,146,true,0
77,"미코테족이 즐겨 먹는 맛 좋고 통통한 거대어. 동방에서는 낚은 것을 그 자리에서 해체하여 날로 먹는 문화가 있다.",4896,32,1,137,true,0
78,"신의 손아귀에서 발견된 물고기. 독성에 잘 견디기 때문에 수질 측정할 때 도움이 된다.",4970,32,3,135,true,0
79,"뼈만 남은 시체에 착 달라붙은 소름 끼치는 모습 때문에 불길함을 담아 '요마의 앞잡이'라 부르기도 한다.",4971,33,3,145,true,0
80,"징검뿌리 늪지대에서만 볼 수 있는 고유종. 지느러미를 활용해서 이리저리 뛰어다닌다.",4972,33,3,153,true,0
81,"해마 명명 시에 해룡 이름을 붙이지 못했던 학자들이 필사적으로 비슷한 종을 찾아서 드디어 해룡이라는 이름을 붙였다.",4897,33,0,135,true,0
82,"작은 물고기나 곤충을 통째로 삼키기 위한 뾰족한 아래턱이 특징. 먼 옛날부터 모습을 그대로 유지하는 고대어의 일종이다.",4973,34,3,153,true,0
83,"깊은 밤 수면 근처를 무리지어 헤엄치기 때문에 달빛을 받아 유백색으로 빛난다. 달의 신 메느피나의 축복을 받았다고 한다.",4898,34,0,137,true,0
84,"가는 잔털이 자란 집게발이 마치 벙어리장갑을 낀 것처럼 보여서 이런 이름으로 불리게 되었다.",4974,34,2,137,true,0
85,"살이 쫄깃해서 푹 삶아도 물러지지 않기 때문에 찜요리에 자주 쓰인다. 북해에서 이름난 임금이 즐겨 먹는 것으로도 유명하다.",4899,34,1,140,true,0
86,"아마도 아주 먼 옛날, 남쪽 바다에서 건너온 라라펠족 '몬케 온케'가 우호의 표시로 뿔의 아이에게 바쳤다는 관상어의 후손.",4975,33,2,148,true,0
87,"바다에 내려오지 않고 하천이나 호수에서 지내는 민물고기. 조심성이 많아서 낚으려면 기술이 필요하다.",4976,35,2,155,true,0
88,"식용으로 적합하진 않지만, 안에서 가끔 백진주가 나오기 때문에 귀하게 여겨지는 조개. 진주를 얻기 위해 대량으로 양식하는 방법을 찾고 있다.",4900,35,0,137,true,0
89,"아주 고운 모래알갱이로 이루어진 사막 '모래바다'에 서식하는 모랫고기. 먹이사슬의 최하위층에 놓여 있다.",4977,35,4,146,true,0
90,"동방에서 인위적으로 만들어낸 관상어. 반짝이는 은빛은 양식기술자들이 3대에 걸쳐 만든 것이라고 한다.",4978,36,3,137,true,0
91,"또렷한 줄무늬가 어릿광대 의상과 닮아서 '광대'라는 이름이 붙었다. 아주 귀한 관상어.",4979,36,3,146,true,0
92,"지느러미를 살살 흔들어서 모래를 물처럼 만들어 헤엄치는 모랫고기. 도미와 닮았지만 사실은 근연종이 아니다.",5032,36,4,146,true,0
93,"고래나 상어 몸에 달라붙어서 기생하는 물고기. 시간을 멈춘 듯 가만히 달라붙은 모습이 시간의 신 알디크가 좋아하는 꽃과 닮았다는 전설이 있다.",4901,36,1,137,true,0
94,"비늘이 너무 단단해서 대형어도 좀처럼 노리지 않는다. 천적이 적기 때문에 장수해서 아주 크게 자란다.",4980,37,3,153,true,0
95,"민물고기 중에는 큰 편에 속하는 물고기. 식탐이 많기로도 유명해서 미끼가 클수록 잘 먹는다.",4981,37,3,156,true,0
96,"모랫고기나 곤충, 때로는 마물까지 잡아먹는 대형 물고기. 살이 통통해 맛있을 것 같지만 모래 빼기가 매우 까다롭다.",5033,37,4,146,true,0
97,"화가 나면 가시가 돋은 몸을 풍선처럼 부풀려서 위협적인 모습이 된다. '바다의 봄'이라는 별명으로도 유명하다.",4902,37,0,137,true,0
98,"잡식성 물고기라 루어로도 쉽게 낚을 수 있다. 그리다니아에서는 생선구이 하면 바로 떠오르는 친숙한 물고기.",4982,38,2,153,true,0
99,"강어귀처럼 민물에서 바닷물로 이어지는 구역에서 볼 수 있는 물고기. 온몸에 난 귀여운 얼룩무늬 덕분에 관상어로서도 인기가 높지만 기르기 어렵다.",4983,38,2,137,true,0
100,"마치 요술을 부리는 것처럼 모래 속으로 재빨리 사라져서, 동방의 암살 기술 '둔갑'이라는 이름이 붙었다.",5034,38,4,146,true,0
101,"미꾸라지치고는 드물게 몸 색깔이 굉장히 옅으며 빛을 비추기에 따라 금색으로 보인다. 돌연변이가 번식한 듯하다.",4984,39,3,155,true,0
102,"사골리 사막에 불어오는 모래폭풍을 타고 이리저리 날아다니는 모랫고기. 오아시스 주민은 무모한 사람을 이 물고기에 비유한다.",5035,39,4,146,true,0
103,"황금색으로 빛나기 때문에 상업의 신 '날달'을 연상시킨다. 야행성인 것은 조금이라도 포식자의 눈을 피하기 위해.",4985,39,2,145,true,0
104,"지역 주민들 사이에서는 털바늘 루어로 낚을 수 있다고 알려진 물고기. 피처럼 붉은 몸 색깔 때문에 옛날에는 '흡혈어' 취급을 받았다.",4986,40,2,155,true,0
105,"납작한 몸에 선명한 무늬가 있어서 아름다운 물고기. 교역선에 실려 남해 제도에서 들어왔다는 설이 있다.",4987,40,2,137,true,0
106,"작가 다윈 경이 쓴 여행기 '지하도시 견문록'에 따르면 지하 세계에서 온 사절이라고 한다. 물론 믿는 사람은 별로 없다.",5036,40,4,146,true,0
107,"피처럼 붉은 산호는 생명력을 상징한다. 덕분에 라노시아에서는 출산 축하 선물로 인기가 많다.",5462,40,0,138,true,0
108,"청동호수에 사는 고유종. 이 물고기를 잡아먹으려던 새가 떨어뜨린 것인지, 주변 하천에서도 간혹 발견된다.",4988,41,3,139,true,0
109,"아말쟈족은 붉은 껍질을 가진 이 우렁이가 '화염신 이프리트의 발톱에서 태어났다'고 믿어서 신성한 음식으로 여긴다.",4989,41,3,156,true,0
110,"모래언덕 꼭대기까지 올라간 다음 하늘을 날아다니다가, 먹잇감을 찾으면 그 위에 내려앉아 온몸을 뒤덮고 그대로 잡아먹는다.",5037,41,4,146,true,0
111,"평소에는 조금 큼직한 물고기를 주로 노리지만, 가끔 사람을 덮칠 때도 있다. 서식지에서 함부로 헤엄치면 매우 위험하다.",4903,41,1,134,true,0
112,"울다하 선왕 사사발의 즉위식에서 어느 상인이 관상어로 바친 뒤로 '왕실'이라는 이름이 붙었다.",4990,42,3,145,true,0
113,"검은장막 숲에 사는 달의 수호자족은 번개무늬를 가진 이 물고기를 강인함의 상징으로 여겨 귀하게 다루었다.",4991,42,2,180,true,0
114,"용이 자신의 피로 졸개를 만들 때, 피 한 방울이 강에 떨어져서 이 물고기가 되었다는 전설이 있다. 하늘을 나는 용처럼 폭포를 거슬러 오른다.",4992,43,2,152,true,0
115,"금속처럼 빛나는 비늘을 가졌으며, 생김새가 칼날을 닮아서 이러한 이름이 붙었다. 하지만 칼로 썰기는 몹시 힘들다.",4993,43,2,145,true,0
116,"날카로운 이빨을 자랑하며 갑각류를 즐겨 먹는 대형어. 맛은 없지만 먹으면 힘이 솟는다고 하여 약재로 쓰인다.",4904,43,1,138,true,0
117,"비가 내리면 활발하게 움직이기 시작해서 낚기 쉽다. 그래서 숲 사람들은 비를 부르는 물고기라고 생각한다.",4905,43,2,133,true,0
118,"두껍고 건장한 몸이 오래된 떡갈나무 뿌리 같다고 하여 이렇게 부른다. 살이 통통해 식용으로 좋을 것 같지만 무르고 싱거워서 맛이 없다.",4994,44,2,154,true,0
119,"시냇물이 흐르는 곳을 중심으로 에오르제아 각지에서 볼 수 있다. 주로 돌 밑에 숨어서 벌레나 작은 물고기를 잡아먹는다.",4995,44,2,139,true,0
120,"드물게 흑진주를 품고 있기도 하다. 흰나비조개보다 개체 수가 적기 때문에, 이 흑진주는 최고급 명품으로 여겨진다.",5466,44,0,138,true,0
121,"물고기와 조개, 두꺼비를 비롯하여 쥐나 작은 새까지 잡아먹는 사나운 물고기. 북방꼬치어의 근연종.",4996,45,2,153,true,0
122,"서식지가 다른 남방꼬치어의 근연종. 꼬리지느러미 색이 붉으면 북방, 푸르면 남방이라 한눈에 구별할 수 있다.",4997,45,2,155,true,0
123,"이름의 유래에는 '코볼드족처럼 몸집이 작아서'라는 설과 '코볼드족이 연금술로 색을 입혀서'라는 설이 있다.",4998,45,2,137,true,0
124,"먼 옛날부터 해적들이 신성하게 여긴 조개. 단단한 껍질을 술잔으로 만들어 승리 축하 잔치에 쓰는 풍습이 있다.",4906,45,0,138,true,0
125,"벌레를 좋아해서 털바늘 루어에 잘 걸린다. 참고로 림사 로민사에서는 총을 잘 쏘는 사람을 '사수어' 같다고 일컫는다.",4999,45,3,137,true,0
126,"달해파리 같은 부유 해파리의 친척뻘이다. 몸이 대부분 공기주머니로 되어 있어서, 그 안에 공중에 뜨는 기체를 담아 날아다닌다.",5038,45,5,155,true,0
127,"고블린족이 한창 순례 여행을 하다가 손에 넣은 뒤 에오르제아로 가지고 돌아왔다는 물고기. 고블린족이 즐겨 먹는다.",5000,46,2,153,true,0
128,"특정 지역에서만 사는 귀한 물고기. 이 물고기가 물 위로 뛰어오르는 모습을 보면 사흘 동안 행운이 좋다는 말이 있다.",5001,46,2,137,true,0
129,"예전에는 못 먹는 물고기라고 여겨서 낚아도 버리거나 비료로 썼지만, 최근 들어 다양한 요리법이 개발됐다.",4907,46,1,138,true,0
130,"영역 의식이 강해서 마치 암살자처럼 다른 물고기를 제거한다. 이 습성 때문에 생미끼 낚시에 잘 걸린다.",5002,47,3,156,true,0
131,"독에 강해 수질이 나쁜 곳에서도 잘 산다. 하지만 몸 안에 독소가 쌓여 있어 먹지 않는 게 좋다.",5003,44,3,147,true,0
132,"옛날부터 기록으로는 남아 있었지만, 표본이 없어 실존 여부는 확실치 않았다. '하늘을 나는 지팡이'라고도 불린다.",5039,47,5,155,true,0
133,"다 자라면 이마가 갑자기 툭 튀어나온다. 같은 종끼리 만나면 이마를 서로 들이받아서 우열을 정한다고 한다.",4908,47,1,138,true,0
134,"상승 기류를 타고 하늘로 올라갔다가 쏜살같이 내려오며 날벌레를 덮친다. 그 속도가 무척 빨라서 비공정 공기주머니에 구멍을 뚫기도 한다.",5040,48,5,155,true,0
135,"번개기운을 내뿜는 물고기 중에서도 특히 마력이 강하다. 그 위력은 강력한 번개 마법 '선더라'와 견줄 수 있을 정도다.",5004,48,3,156,true,0
136,"힘이 굉장히 세서 낚으려면 상당한 솜씨가 필요하다. 박물학자 중에는 고대어의 일종이라고 주장하는 사람도 있다.",5005,48,3,147,true,0
137,"쥐가오리와 닮은 납작한 몸 전체가 대기 중에 있는 바람속성 에테르를 받아들이는 '에테르 날개'로 기능하고 있다.",5041,48,5,155,true,0
138,"비교적 수심이 얕은 앞바다에 서식하며 바닥에 달라붙어 꼼짝 않고 가만히 지낸다. 이것은 조용히 먹잇감을 기다리려는 습성 때문이다.",4909,48,0,138,true,0
139,"북주 일사바드 대륙에서 들어온 품종. 그 섬뜩한 붉은 눈과 마주치면 불행이 찾아온다는 소문이 있다.",5006,48,3,156,true,0
140,"아말쟈족이 즐겨 먹는 물고기. 그들이 파글단 지방에서 들여와 다날란에 풀어놓았다고 한다.",5007,49,2,146,true,0
141,"산란 장소를 두고 치열하게 경쟁한다는 물고기. 격투사처럼 몸을 서로 부딪쳐서 싸운다고 한다.",5008,49,2,153,true,0
142,"바람속성 에테르를 머금기 위한 얇은 막이 배의 돛처럼 보인다. 그 아름다운 모습을 보면 행운이 찾아온다고 한다.",5042,49,5,155,true,0
143,"보는 사람을 불안하게 만드는 섬뜩한 모습으로 모두가 싫어한다. 겉모습과 달리 맛있지만 먹는 사람은 거의 없다.",4910,49,0,138,true,0
144,"은하수처럼 반짝이는 얼룩 무늬를 가진 물고기. 그 모습은 마치 별의 여신 니메이아를 연상시킨다.",5009,50,2,155,true,0
145,"전쟁의 신 할로네처럼 용감하며 사나운 물고기. 이슈가르드 기사들이 문장으로 사용하기도 한다.",5010,50,2,155,true,0
146,"처음 수입되었을 때는 비싼 값에 거래됐지만, 갑자기 번식하면서 값이 폭락했다. 그때 팔지 못하고 물에 풀어놓은 것이 지금은 야생화했다.",5011,50,3,156,true,0
147,"사골리 사막에 사는 모랫고기. 먹잇감을 잡을 때 쓰는 기관이 반짝이기 때문에, 가끔 보석으로 착각하고 잡았다가 공격당하는 사람도 있다.",5043,50,4,146,true,0
148,"맛없는 생선요리에 화가 난 어느 왕이 접시째 구름바다에 내던졌는데, 그것이 물고기로 다시 태어났다는 민담이 있다.",5044,50,5,155,true,0
149,"맛있기로 유명한 큰 새우. 미식가들은 어떻게 요리해야 가장 맛있는지를 두고 틈만 나면 다툰다.",4911,50,0,140,true,0
150,"이빨이 빽빽한 주둥이로 먹잇감의 몸에 달라붙어 피를 빨아먹는다. 들짐승이나 마물까지도 놈의 먹이에 지나지 않는다.",5012,50,2,137,true,0
151,"산과 방랑의 신 오쉬온이 어느 날 산속에서 길을 잃자, 이 물고기가 나타나 바른길을 알려주었다는 전설이 있다.",5013,50,2,155,true,0
152,"평소에는 먼바다에 살지만 가끔 바닷가까지 내려오기도 한다. 그물에 걸리면 다른 물고기를 먹어치우기 때문에 싫어하는 어부가 많다.",4912,50,1,138,true,0
153,"낚싯줄을 끊어뜨리지 않고 잡으려면 상당한 실력이 필요하다. '환상'이라 불러 마땅한 존재.",5014,50,3,155,true,0
154,"매년 이 물고기에게 물린 어부가 속출한다. 그 상처 자국은 마수 커얼에게 물린 듯 끔찍하다고 한다.",5015,70,3,139,true,0
155,"전설의 대왕바다뱀 '살라오스'의 자식이라고 한다. 심해어답게 살이 밀랍으로 덮여 있기 때문에 먹을 수 있는 부분은 거의 없다.",4913,55,1,137,true,0
156,"이 조개에 발이 낀 남자가 밀물 때 익사했다는 일화가 있다. 하지만 실제로는 그렇게 급히 입을 닫지 않는다.",4914,55,0,135,true,0
157,"하루 대부분을 자면서 보내기 때문에 게으름뱅이의 상징이다. 해 뜰 무렵 활발하게 움직인다.",5016,55,2,180,true,0
158,"아말쟈족은 이 물고기가 이프리트의 축복을 받았다 여기며 신성시한다. 잡으려면 그들의 눈을 피하는 게 좋다.",5017,55,2,145,true,0
159,"주로 남해에 서식하는 물고기. 남해를 근거지 삼는 라라펠족의 옛말로 '힘이 넘친다'라는 뜻이다.",4915,55,1,135,true,0
160,"수온이 낮은 바다 밑을 좋아한다. 계절에 따라 변하는 해류에 몸을 맡기며 살기 좋은 해역으로 이동한다고 한다.",4916,55,1,138,true,0
161,"사나운 거대 물고기. 사막 부족은 말 안 듣는 어린아이를 겁줄 때 이 물고기의 이름을 댄다.",5018,55,3,147,true,0
162,"몸 무늬가 지금은 제작할 수 없는 '우츠칼'과 닮아서 그렇게 부른다.",5019,55,3,147,true,0
163,"몸집이 너무 큰 나머지 낚으려면 여럿이 함께 해야 한다. 거대 물고기 낚시의 등용문과 같은 존재.",5020,55,3,139,true,0
164,"산란지인 사골리 사막과 서식지인 위대한 항로가 동방무역 경로와 겹치기 때문에 이런 이름이 붙었다.",5045,55,4,146,true,0
165,"엄청난 속도로 헤엄치는 대형어. 먼 옛날 여신 리믈렌이 목욕하는 걸 훔쳐봤기 때문에 멈추면 죽는 저주를 받았다고 한다.",4917,50,1,137,true,0
166,"주로 심해에 서식하지만 번식기가 되면 해안가에도 모습을 드러낸다. 또, 고대어의 일종으로도 유명하다.",4918,55,0,138,true,0
167,"껍질에서 끔찍한 썩은 내가 나기 때문에 아무도 먹으려 하지 않지만, 살은 독도 냄새도 없으며 담백한 맛이라고 한다.",5021,70,3,156,true,0
168,"커르다스 구름바다에 숨어 사는 육식 대형어. 이슈가르드인 중에는 드래곤족 졸개라고 생각하는 사람도 있다.",5046,70,5,155,true,0
169,"이따금 사체가 해안에 흘러들어오지만 산 채로 잡는 건 극히 어렵다고 한다.",4919,55,1,138,true,0
170,"온갖 악명높은 전설의 주인공. 배를 가라앉혔다는 일화가 에오르제아뿐 아니라 동방에서도 유명하다.",4920,70,1,138,true,0
171,"드물게 해수면에 몸을 눕힌 채 둥둥 떠다닌다. 뱃사람들에게 매우 사랑받는 존재.",4921,50,1,138,true,0
172,"단단한 판 형태의 턱으로 거대한 상어마저 물어뜯는다고 한다. 사하긴족이 신성시하는 것도 이해가 갈 정도다.",4922,70,1,138,true,0
173,"이 게의 환각성 버섯을 먹은 남자는 ""나는 실프가 되어 하늘을 나는 장어 파이와 춤추고, 42가지 진리를 깨달았다""고 했다.",5022,55,3,152,true,0
174,"날씨가 험해지면 활발히 활동하기 때문에 뇌신 '라무'의 이름이 붙었다. 별명은 '폭풍을 부르는 자'",5023,55,3,153,true,0
175,"수많은 동갈치 중에서도 가장 큰 덩치를 자랑한다. 웬만한 어부는 낚아올리는 것조차 불가능하다.",5024,55,3,156,true,0
176,"검은 알을 소금에 절이면 맛이 기막히다고 한다. 남획 때문에 개체 수가 격감했다.",5025,55,2,155,true,0
177,"정령의 말을 전해 들은 뿔의 아이에 의하면, 이 물고기는 세계가 창조되었을 때부터 이 모습이었다고 한다.",5026,55,2,154,true,0
178,"수명이 아주 긴 물고기. 진위는 알 수 없지만 천 년을 산다고 하며, 장수의 상징으로 여겨진다.",5027,70,2,156,true,0
179,"수많은 식인 전설을 남긴 상어. 무예에 뛰어난 북해의 왕마저도 팔 하나를 내주고 퇴치했다고 한다.",4923,70,1,138,true,0
180,"범선을 가라앉혔다는 전설이 있어 뱃사람들 사이에선 불길한 존재. 퇴치한 어부는 존경의 대상이 된다고 한다.",4924,70,1,140,true,0
181,"먼 옛날 극동에서 온 여행자가 말린 알을 '보석'으로 환술황에게 헌상했는데, 그 알이 부화했다고 한다.",5028,70,3,153,true,0
182,"장신인 엘레젠족보다 더 크게 성장한다는 거대물고기. 큰 뱀으로 착각할 정도의 거구라고 한다.",5029,70,3,154,true,0
183,"백 년 넘게 산다는 환상의 거대어. 알은 굉장히 맛있지만 맹독이라 먹으면 죽는다.",5030,70,2,156,true,0
184,"사냥꾼을 수도 없이 퇴치했다는 전설의 거대어. 빗물받이 숲에 숨어 있다는 소문이 있다.",5031,55,2,137,true,0
185,"축제에 쓰려고 근동의 섬에서 수입한 도도 알에 금강거북 알이 섞여 있었다. 이 알이 야생화했다고 한다.",6185,50,0,135,true,0
186,"곧 손발이 자라나 그 기분 나쁜 존재로 성장한다. 그렇게 생각하면 복잡한 기분이 든다.",6191,50,3,145,true,0
187,"이상하게 성장해 시가테라 독을 품은 개체. 먹으면 반드시 죽기 때문에 전설 속 죽음의 천사인 '잘레라'의 이름이 붙었다.",7678,70,1,134,true,0
188,"번식기가 끝나도 계속 혼인색으로 주위 잉어를 유혹해대는 불량배 강의 터주. 색이 요염하고 아름답다.",7679,70,2,134,true,0
189,"수명이 몹시 긴 대형가자미. 산신 오쉬온에게 밟혀 다시 태어난 전설의 개체라는 소문이 있다.",7680,70,0,135,true,0
190,"바늘에 걸리면 '기기기기기' 하고 큰 소리를 내기 때문에 어부가 놀라 도망친다. 그렇게 살아남아 왔다.",7681,70,2,135,true,0
191,"내장은 물론 골격까지 거의 투명한 희귀 유리농어. 빛을 받으면 크리스탈처럼 아름답게 반짝인다.",7682,80,2,134,true,0
192,"수많은 전투에서 승리를 거머쥔 대단한 검투어. 덕분에 그리다니아 전설의 검투사와 같은 이름을 받았다.",7683,80,3,152,true,0
193,"술병에서 낚싯대까지, 보이는 건 뭐든 삼키는 먹성 좋은 아귀. 바다의 고물상이라 불리기도 한다.",7684,80,1,138,true,0
194,"햇볕을 받으면 금화처럼 빛난다. 줍기 위해 바다로 뛰어들어 천국에 간 해적도 적지 않다.",7685,70,0,128,true,0
195,"고대문어와 괴물악어와의 사투를 통해 더욱 강해져서 돌아온 거대상어. 이를 낚으면 많은 사람의 생명을 미리 구하는 것이 되기도 한다.",7686,70,1,134,true,0
196,"껍데기가 황화철로 된 신기한 고둥. 스스로 갑옷을 만들기 때문에 '갑주제작사 조개'라는 별명으로도 불린다.",7687,75,1,138,true,0
197,"개척자들 사이에 화제가 되고 있는 터주. 어찌나 완벽하게 숨는지, 실은 존재하지 않는 게 아니냐는 소문도 있다.",7688,70,2,134,true,0
198,"어마어마하게 경계심 많은 어둑농어. 혹독한 환경의 부정한 계승자에서 수많은 희생을 치르며 살아남았다.",7689,80,3,141,true,0
199,"3얄름(약 3미터)까지 성장하는 대형 고대어. 당기는 힘이 강해 낚아낸 자에게 있어선 훈장이라고 할 수 있는 존재.",7690,75,1,135,true,0
200,"칼날처럼 날카로운 이빨을 가진 거대 호랑대구. 바늘을 빼려다 손가락이 잘린 자도 있다고 한다.",7691,75,0,135,true,0
201,"배고픈 유민들이 언젠가 한번 먹어보고 싶다고 꿈꿀 정도로 거대한 망둥이. 하지만 매우 밍밍하고 맛이 없다.",7692,70,2,141,true,0
202,"이름의 유래는 목욕을 훔쳐본 산신 오쉬온에게 여신 리믈렌이 던진 검. 또한, 이 사건 때문에 오쉬온은 자애의 여신 메느피나에게로 눈을 돌렸다.",7693,70,1,138,true,0
203,"바위처럼 크게 자란 장수 동사리. 바위 그늘에 숨으려고 다가온 작은 물고기를 힘들이지 않고 포식한다.",7694,80,2,152,true,0
204,"한때 그리다니아에는 이 맹독성 가오리가 사는 연못에 범죄 용의자를 빠뜨려 신의 심판을 청하는 의식이 있었다.",7695,80,3,154,true,0
205,"홍차강의 터주. 조심성 없이 강에서 수영한 자의 동맥을 물어뜯어 강물을 홍차 빛으로 물들인 적이 있다.",7696,70,2,132,true,0
206,"거대한 어둑농어조차 몰아내는 투쟁심 강한 요정농어. 그 지방 어부들에게 '여왕'이라 불리고 있다.",7697,80,3,135,true,0
207,"맨손 고기잡이 업계의 살아있는 전설, 근위기사 로로마야 씨 입에서 ""저 미끌미끌은 감당이 안 된다""는 말이 나오게 한 존재.",7698,75,3,141,true,0
208,"산란을 마치고도 살아남은 푸른연어. 그리다니아에서는 장수의 상징으로 귀하게 여긴다.",7699,80,2,154,true,0
209,"운명의 장난인지 정면에서 보면 무늬가 사람 얼굴처럼 생긴 잉어. 솔직히 몹시 소름 돋는다.",7700,80,2,148,true,0
210,"오랜 세월 잡히지 않고 끝까지 살아남은 붕어. 붕어낚시장인 갤리조 씨도 포기했다고 한다.",7701,70,2,133,true,0
211,"먼 옛날 황야를 건너온 괴어. 어딘가에 있을 진흙짱뚱어의 성지를 찾아 여행 중이라고 한다.",7702,80,3,145,true,0
212,"유연한 몸을 차지한 뼈다귀가재. 껍데기가 이상할 정도로 부드러워 걸렸다고 생각한 순간 바늘이 입에서 쏙 빠진다.",7703,75,3,141,true,0
213,"인골을 즐겨 먹는 무시무시한 존재. 뭘 먹고 그렇게 자랐는지 생각하면 매우 공포스럽다.",7704,80,3,145,true,0
214,"'토막 살인마'라는 별명으로 알려진 늙은 붉은가재. 큰도롱뇽에게 잡아먹혔을 때 집게로 배를 가르고 탈출한 전적이 있다.",7705,70,2,148,true,0
215,"파격적인 크기로 성장한 진흙게. 진흙바위가 갑자기 움직이는 모습은 마치 골렘의 탄생을 보는 것만 같다.",7706,75,3,140,true,0
216,"아득히 먼 옛날부터 살아온 고대문어. 대왕상어와는 영원한 호적수이며 둘이 만나면 사투가 벌어진다.",7707,70,0,129,true,0
217,"미식가인 상인 로로리토 씨가 막대한 현상금까지 걸었던 거물 잉어. 하지만 생선에 질렸는지 곧 취소됐다.",7708,70,2,133,true,0
218,"니므 강의 터주로 군림하는 대형농어. 작은 미끼에는 눈길도 주지 않고 유유히 헤엄치는 모습이 목격되기도 한다.",7709,70,2,134,true,0
219,"거대한 해마. 그 이름은 친구인 여해적을 위해 배를 끌었다는 전설의 해룡에게서 유래했다.",7710,75,0,135,true,0
220,"해저 암반에 딱 달라붙은 거대 굴. 잡으려면 암반째 끌어올려야 한다는 말이 있다.",7711,80,0,140,true,0
221,"고정용 밧줄을 잘라 수많은 배를 표류시킨 말썽꾼. 모라비 조선소 조선공이 박멸하려고 혈안이 되어 있다.",7712,75,0,135,true,0
222,"폭풍을 부른다는 기우어의 왕. 기록적인 호우를 동반한 폭풍이 몰아치던 밤, 호수 위로 뛰어오르는 거대어가 목격되었다고 한다.",7713,70,3,132,true,0
223,"돌연변이로 거울처럼 빛나는 비늘을 얻은 구리붕어. 눈부신 반사광으로 다른 물고기를 쫓아내고 먹이를 독차지한다.",7714,70,3,140,true,0
224,"루가딘족 취객 같은 얼굴의 괴어. 빛이 닿지 않는 땅속 호수에 서식하고 있지만 드물게 지하수맥을 타고 샘에도 나타난다.",7902,80,3,135,true,0
225,"비정상적으로 단단한 외골격을 가진 투구게. 떨어지는 달라가브 파편을 튕겨내고 살아남았다는 소문도 있다.",7903,80,0,135,true,0
226,"뜨거운 물을 좋아하는 송어. 어떤 요리사가 통째로 삶으려 했으나 아무리 삶아도 죽지 않아 놓아주었다고 한다.",7904,80,2,139,true,0
227,"큰 덩치에 이빨이 날카로운 커얼어. 마수 커얼보다 난폭하며, 사납기로 유명한 '토라마'와 같은 이름으로 불린다.",7905,80,3,139,true,0
228,"잡힐 때마다 어부의 손가락을 집게로 잘라버리고 도망쳤다. 그로 인해 낚싯대를 쥐지 못하게 된 자도 적지 않다.",7906,80,0,140,true,0
229,"물고기를 산 채로 잡아먹는 난폭한 민물게. 샘에 풀어둔 관상어를 마구 잡아먹고 살이 쪘다.",7907,80,2,152,true,0
230,"뱀으로 착각할 만큼 크게 자란 장어. 항상 작은 장어를 여러 마리 데리고 다니며 잡힐 것 같으면 제물로 바친다.",7908,80,2,153,true,0
231,"대형 비아나크 도미. 동방에서는 이 거대어를 길조로 여겨 잡히면 권력자에게 헌상한다고 한다.",7909,80,1,137,true,0
232,"사냥하기 좋은 위치를 잡기 위해 동료도 밀어내고 많은 먹이를 확보한다. 먹이를 위해서라면 수단과 방법을 가리지 않는 더러운 물고기.",7910,80,1,140,true,0
233,"물을 마시러 온 아말쟈족 무장 도마뱀을 강으로 끌고 들어가 죽이고, 그 두개골을 손에 넣은 괴어.",7911,80,2,146,true,0
234,"강을 건너려 하는 실프족에게 경이적인 도약력으로 몸통 박치기를 하는 거대물고기. 이유는 아무도 모른다.",7912,80,2,152,true,0
235,"새의 공격을 피해 살아남은 물고기. 지금은 몸집이 크고 무거워 어떤 새도 들어 올리지 못한다.",7913,80,3,153,true,0
236,"수없이 바늘에 걸렸지만, 그때마다 실을 끊고 살아남았다. 그 입에는 루어와 바늘이 훈장처럼 늘어져 있다.",7914,80,2,153,true,0
237,"거대한 그림자 때문에 상어로 착각하는 자가 속출한다. 게게루주 씨는 너무 놀란 나머지 실금했다.",7915,80,1,137,true,0
238,"녹색이 몹시 선명한 대형장어. 전설의 마물 '톤베리'를 삼키고 그런 색이 되었다고 한다.",7916,80,2,139,true,0
239,"해적왕 '안개수염'이 숨겨둔 보물을 지키기 위해 풀었다는 거대문어. 피막을 펼치고 유유히 헤엄치는 모습이 압권이다.",7917,80,1,339,true,0
240,"유달리 강한 빛을 내는 장어. 저녁이 되면 잠자리에 드는 태양신 '아제마'에게 가서 남은 빛을 얻는다고 한다.",7918,80,2,145,true,0
241,"창처럼 긴 입을 가진 기묘한 물고기. 작은 돌 사이에 숨은 먹잇감을 빨아들이기 위해 입 모양이 그렇게 발달했다고 한다.",7919,80,2,341,true,0
242,"몸속의 에테르로 얼룩무늬에서 빛을 내는 물고기. 작은 생물을 환상적인 빛으로 유인해 포식한다.",7920,80,2,148,true,0
243,"바다로 내려가지 않고 강에 머무름으로써 경쟁자가 없는 환경에서 먹이를 독점해 살이 찐 유그람 연어. 좀처럼 움직이지 않는다.",7921,80,3,153,true,0
244,"고블린족 어부들이 줄곧 노리는 대형농어. 수많은 어부를 좌절시키고 은퇴하게 만들었다.",7922,80,2,153,true,0
245,"육식 양서류. 적에게 공격당하면 약한 독성을 가진 점액을 분비한다. 미코테족은 그 냄새에 사족을 못 쓴다고 한다.",7923,80,2,340,true,0
246,"거대 가시복. 그 커다란 몸집 때문에 오래 전 에오르제아를 뒤흔든 거대 봄의 이름이 붙었다.",7924,80,0,137,true,0
247,"염분 농도에 민감해 밀물과 썰물 시간에 맞춰 이동한다. 그 때문에 특정 시간대에만 폭포 연못에 나타난다.",7925,80,2,137,true,0
248,"망치상어로서는 드물게 무리를 짓지 않고 살아가는 독불장군. 거친 바다를 유유히 헤엄치며 우왕좌왕 도망치는 물고기를 포식한다.",7926,80,1,138,true,0
249,"호수 바닥에 있는 온수 분출구 주변에서 호강하며 자란 송어. 온종일 꼼짝도 안 하는 경우가 많아 잡기 어렵다.",7927,80,3,139,true,0
250,"아말쟈족의 작살을 전부 피하고 살아남은 거대어. 몸 왼편에 작살에 베인 큰 상처가 있다.",7928,80,2,146,true,0
251,"금속처럼 단단한 비늘을 가진 장수 개체. 매우 교활하며 절대 빈틈을 보이지 않는다.",7929,80,3,146,true,0
252,"모래바다 속에 숨어있는 미확인생물. 목격한 우씨족 사냥꾼의 증언에 의하면 입이 네 개로 갈라져 있으며 매우 사납다고 한다.",7930,80,4,146,true,0
253,"대형 사막매가오리. 우씨족 전승에 의하면 고대 마도사가 장난삼아 만든 마법 양탄자가 변해서 생긴 물고기라 한다.",7931,80,4,146,true,0
254,"장수 산천어. 그 이름은 용 퇴치에 나서기 전, 산천어 상대로 창던지기 특훈을 했다는 성 다니펜에게서 유래한다.",7932,80,2,155,true,0
255,"섬뜩하게 빛나는 등불해조구. 마수 '롱쥐르'에게 잡아먹힌 사람들의 망령이 깃들어 거대화했다고 한다.",7933,80,3,155,true,0
256,"몰볼에게 먹혔지만 소화되지 않고 산 채로 배출된 개체. 소화액의 영향으로 기묘한 아름다움을 얻었다.",7934,80,3,148,true,0
257,"하우케타 별궁에 숨어 있는 요마가 장난삼아 피를 부어 거대해진 물고기. 천둥소리가 나면 광분하여 날뛴다.",7935,80,2,148,true,0
258,"실프족이 뇌신 '라무'에게 바친 공물. 라무는 이 물고기를 먹지 않고 오히려 생명을 불어넣어 풀어줬다고 한다.",7936,80,3,153,true,0
259,"천둥을 먹는다고 전해지는 물고기. 외지 라노시아에 비가 내려도 뇌우가 되지 않는 건 이 물고기 때문이라고 한다.",7937,80,2,180,true,0
260,"빠르게 날아다니는 날벌레를 물총으로 쏘아 떨어뜨리는 사수어. 익사한 명저격수가 환생한 것이라고 한다.",7938,80,3,137,true,0
261,"구애행위가 특기인 바람둥이 게. 잔털이 난 집게발을 무희처럼 현란하게 움직여 암컷은 유혹하고 수컷은 위협한다.",7939,80,2,137,true,0
262,"비늘이 마치 잘 닦은 은 거울처럼 아름다운 개체. 이 물고기를 잡아먹으려고 하는 자는 비늘에 비친 자기 모습에 현혹된다.",7940,80,3,137,true,0
263,"예전에 멜위브 제독이 신대륙으로 이어지는 안전한 서방항로를 발견했을 때, 길 안내를 했다고 전해지는 거대개복치.",7941,80,1,138,true,0
264,"소유자가 차례차례 불행한 최후를 맞이했기 때문에 방류된 관상어. 마지막 주인도 방류할 때에 강에 빠져 죽었다.",7942,80,3,145,true,0
265,"처절한 동족상잔에서 승리하고 성장한 대형 동갈치. 이제는 물고기뿐 아니라 물가에 다가오는 마물까지 공격하게 되었다.",7943,80,3,147,true,0
266,"아침 햇살을 받아 아름답게 빛나기로 유명한 물고기. 열심히 아침훈련을 하는 어떤 기사의 말에 따르면, 아주 좋은…… 물고기라 한다.",7944,80,2,155,true,0
267,"별이 가득한 밤하늘처럼 밝게 빛나는 무늬의 아름다운 물고기. 별의 신 '니메이아'의 가호로 오래 산다고 한다.",7945,80,2,155,true,0
268,"위대한 빙어의 어머니. 천마리가 넘는 자식을 어부에게 잃은 후로 얼음을 녹일 만큼 뜨거운 복수심에 불타고 있다.",7946,80,3,155,true,0
269,"지방 어부들 사이에서는 거의 전설이라 불리는 물고기. 경계심이 강해 모습을 드러내지 않기 때문에 그림자만 봐도 행운이 찾아온다고 한다.",7947,80,2,154,true,0
270,"유구한 시간 동안 살아남으며 거구를 획득한 앵무조개. 수많은 해적이 껍질을 술잔으로 사용하려고 도전했지만 모두 단념했다.",7948,80,0,138,true,0
271,"구름바다 먹이사슬의 정점에 선 존재. 태양을 등지고 급강하하여 사냥감을 덮치는 사냥기술은 아름답기까지 하다.",7949,80,5,155,true,0
272,"근해에는 좀처럼 나타나지 않는 환상의 고대어. 오징어나 문어 등의 두족류를 노리는 사냥꾼으로도 알려진 존재.",7950,80,1,138,true,0
273,"대형 절지동물. 아주 적게 먹으며 몇 년 동안 먹이를 먹지 않는 경우도 있다. 그 이유는 수중에 있는 에테르를 직접 섭취하기 때문이라고 한다.",7951,80,3,156,true,0
274,"너무나 아름다운 비늘 때문에 살아남기 위해 신중해진 금붕어. 큰숲메기가 가까이 있으면 절대 움직이지 않는다.",8752,80,3,137,true,0
275,"나이 먹은 대형 청새치. 숙련된 어부와 사흘에 걸친 사투 끝에 바다로 끌고 들어가 결국 승리했다고 한다.",8753,80,1,137,true,0
276,"살라오스 갈치의 돌연변이라 추정되는 전설의 괴어. 제7재해로 변한 조류를 따라 로타노 해까지 내려왔다.",8754,90,1,137,true,0
277,"실러캔스의 근연종. 달이 구름에 가려진 밤에만 얕은 여울로 나오기 때문에 목격 사례가 적어, 이미 멸종한 것이라 추측되었다.",8755,80,0,138,true,0
278,"창 형태의 껍질을 가진 앵무조개의 고대종. 흑와단 군함 바닥에 꽂혀있던 개체가 발견됨으로써 멸종되지 않은 사실이 판명됐다.",8756,85,1,138,true,0
279,"사하긴족의 손목을 깨물어 절단할 정도로 사나운 괴어. 선조가 환생한 것이라 여긴 사하긴족이 공물을 계속 바친 탓에 거대해졌다.",8757,80,1,138,true,0
280,"엄청나게 큰 지옥불우렁이. 다날란에 서식하는 개체는 아말쟈족에게 잡아먹히기 때문에 크게 자라지 못한다.",8758,80,3,156,true,0
281,"에테르가 짙어지는 '요마의 안개'가 낄 때 활발하게 활동하는 괴어. 이계 보이드에서 온 물고기라는 소문도 있다.",8759,80,3,156,true,0
282,"다른 권투비파의 접근을 결코 허락하지 않으며 산란장소를 사수하는 여왕. 전설의 여성 무술가 코넬리아와 같은 이름으로 불린다.",8760,80,2,154,true,0
283,"자기구역을 지키기 위해서라면 동족인 암살어마저 삼켜버리는 사나운 개체. 동방의 암살자를 뜻하는 이름이 붙었다.",8761,80,3,156,true,0
284,"백 살은 가볍게 넘으리라 추정되는 대형 환상대구. 장수의 비결은 먹이를 엄선해 가려먹는 것이라 한다.",8762,80,2,156,true,0
285,"돌연변이로 태어난 흰 메기. 사람마저 한입에 삼키는 거구를 뽐내며, 자나바르와 구역을 둘러싸고 격하게 대립한다.",8763,85,3,156,true,0
286,"어떤 해적선의 용골을 부러뜨리고 약탈품째 가라앉혔다고 하는 거대어. 많은 이들이 그 보물을 찾다가 조난당했다고 한다.",8764,80,1,140,true,0
287,"흉포한 거대 자라. 동굴 안에는 도주 노예 헤카톤케이레스족이 숨어 지내는데, 그 손가락까지 물어뜯는다고 한다.",8765,80,3,140,true,0
288,"비가 내리면 물가로 기어 올라와 꼬리를 채찍처럼 휘둘러 사냥감을 기절시킨 뒤 피를 빤다. 그리고 비가 그치면 샘으로 돌아간다고 한다.",8766,80,2,140,true,0
289,"어떤 모험가가 청린 원천지에 사베네어 영약을 떨어뜨렸는데, 그 후 나타나게 된 빛을 발하는 물고기라 한다.",8767,80,3,147,true,0
290,"이가 빠지지 않고 계속 자라기 때문에 턱이 톱니바퀴 모양으로 변하고만 기묘한 모랫고기. 안개가 걷히면 활발하게 사냥을 한다.",8768,85,4,146,true,0
291,"신중하고 교활한 꼬치어로, 언제나 어둠 속에 숨어 살아남아 왔다. 등불해조구가 발하는 희미한 불빛마저 싫어한다고 한다.",8769,80,2,155,true,0
292,"눈 내리는 추운 날이면 얼어 죽은 시체처럼 강바닥에서 움직이지 않는다. 맑은 날이 되어야 살짝 움직이기 때문에 대사가 낮아 긴 수명을 자랑한다.",8770,80,2,155,true,0
293,"거대한 익룡어. 눈구름을 따라 이동하며 눈보라 속에 숨어 사냥감을 노린다. 언어가 아닌 정신파로 동족을 지배한다고 한다.",8771,80,5,155,true,0
294,"마하르마저 잡아먹는 구름바다의 제왕. 박물학자 마르세트에 의하면 구름고기가 아니라 갑린강 마물의 일종이라고 한다.",8772,85,5,155,true,0
295,"이 게의 환각성 버섯을 먹은 남자는 ""내가 무기를 수리하러 갔더니 하얀 요정이 떡 버티고 서 있었어""라고 했다.",8773,80,3,152,true,0
296,"압도적인 거구를 자랑하는 타키타로. 멧돼지를 잡으러 온 사냥꾼이 그 그림자를 목격한 후로 지방주민들 사이에선 전설이 되었다.",8774,80,3,153,true,0
297,"우르드의 선물 '진정한 터주' 자리를 놓고 거대 타키타로와 경쟁한다는 환상의 거대어. 지느러미를 한번 휘두르면 파도가 일어난다고 한다.",8775,85,3,153,true,0
298,"너무 많은 물고기를 탐욕스럽게 잡아먹는 바람에 비늘이 피처럼 붉어진 거대 아로와나. 지나치게 눈에 띄기 때문에 안개가 낄 때만 나와서 사냥한다.",8776,80,3,156,true,0
299,"굉장히 큰 대왕조개의 일종. 식인조개로 오해받아 한때 난획의 대상이 된 적도 있다.",10123,80,1,137,true,0
300,"재해 후 한랭화가 진행된 커르다스 서부고지에 적응해 살아가는 변종 빙어. 얇은 얼음은 날카로운 주둥이로 쉽게 깨뜨린다.",12713,120,3,397,true,0
301,"구름바다에 서식하는, 산호를 닮은 생물. 빛깔이 희고 놀랍도록 가벼워서 원주민들은 '구름의 뼈'라고도 부른다.",12714,120,5,397,true,0
302,"할로네조개라고도 부르는 이 생물은 아름다운 생김새와 달리 성질이 사납다. 특히 먹이를 잡은 후에는 마치 전쟁이나 하듯 잔인하게 뜯어먹는 것으로 알려져 있다.",12715,120,3,397,true,0
303,"구름바다를 종횡무진 날아다니는 애벌레. 둥글고 긴 몸에 바람속성 에테르를 흡수하여 경쾌하게 바람을 타고 다닌다.",12716,120,5,397,true,0
304,"북부 아발라시아 산맥의 고산지대가 원산지이나, 재해 이후 한랭화로 인해 서식지가 확대되었다. 쫄깃한 식감이 일품.",12718,125,3,397,true,0
305,"이빨로 깨물듯이 위아래 껍데기를 닫아 두꺼운 얼음도 부순다. 손가락을 물리면 끔찍한 일을 당할 것이다.",12719,125,3,397,true,0
306,"온몸에 날카로운 가시가 난 징그러운 생물. 얼음 위에 내버려두면 가시를 교묘하게 움직여 얼음에 구멍을 내고 도망친다고 한다.",12720,125,3,397,true,0
307,"메기의 일종. 몸통은 적갈색이며, 가슴지느러미와 등지느러미에 날카로운 가시가 있어 낚아 올릴 때 주의해야 한다.",12721,125,2,398,true,0
308,"기다랗게 발달한 집게로 바위조개 껍데기를 열어젖혀 잡아먹는다. 껍데기에 달라붙은 관자까지 깨끗이 먹어치운다고 한다.",12722,125,2,398,true,0
309,"꽃잎처럼 생긴 파란 비막으로 바람속성 에테르를 타고 날아다니는 연체생물. 하지만 아름다운 생김새와 달리 지독한 악취가 난다.",12723,120,6,401,true,0
310,"냉기가 감도는 핵형 생물. 어린 얼음 정령이라는 설과, 생물이 아닌 에테르 결정이라는 설이 있다.",12724,120,5,397,true,0
311,"요마 오거의 뿔과 닮은 고둥. 한랭화로 인해 대부분 죽고, 온천이 솟는 곳에서 소수만 간신히 살아남았다.",12725,139,2,397,true,0
312,"마력을 이용해 스스로 열을 내는 신기한 민물고기. 제7재해 이후 한랭화가 닥쳤음에도 아무 영향을 받지 않고 살아남았다.",12726,125,3,397,true,0
313,"수염에서 높은 열을 내는 메기의 일종. 낮은 수온에 적응한 물고기에게 뜨거운 수염을 대어, 그 충격으로 기절시킨 후 잡아먹는다.",12727,125,2,397,true,0
314,"바누바누어로 '빈약하다'는 이름을 가진 민물고기. 둥글둥글한 체형을 선호하는 바누바누족 사이에서는 모욕적인 단어로 쓰이기도 한다.",12728,130,3,401,true,0
315,"세 번 꺾인 입으로 한번 잡은 물고기는 절대 놓치지 않는다. 완전한 어식성으로, 피피라 피라의 유일한 천적이다.",12729,130,2,398,true,0
316,"황소처럼 우는 개구리. 생미끼 낚시의 미끼로도 유용하지만, 바누바누족은 이 개구리 자체를 훌륭한 별미로 친다.",12730,136,3,399,true,0
317,"바누바누족의 전설에서는 찢어진 구름에서 태어났다고 전해지는 민물고기. 살아있을 때는 반투명하지만, 죽으면 서서히 하얗게 변한다.",12731,130,2,400,true,0
318,"하늘섬 절벽에 붙어 살아가는 연체생물. 날아오는 생물을 큰 입으로 집어삼킨다. 이름은 바누바누어로 '탐욕'이라는 뜻이다.",12732,130,6,401,true,0
319,"바위처럼 생긴 조개. 크기가 작아 살은 적지만 먹을 수 있으며, 원주민 사냥꾼 중에는 국물을 낼 때 이용하는 사람도 있다.",12733,136,3,398,true,0
320,"구름바다를 떠다니는 달걀 모양 생물. 몸은 대부분 가스 주머니가 차지하며, 그 주머니의 부력으로 떠다닌다는 것 외에는 알려지지 않은 점이 많다.",12734,133,6,401,true,0
321,"하늘을 나는 버섯처럼 생긴 구름고기. 하르페이아가 이 고기를 좋아해서, 수십 마리가 모여 사냥에 나서는 모습이 목격되기도 한다.",12735,130,6,401,true,0
322,"구름바다의 푸른 하늘을 연상시키는 선명한 푸른색을 띤 산호. 바누바누족은 먼 옛날부터 안료의 재료로 이 산호를 이용해왔다.",12736,133,6,401,true,0
323,"한랭한 수역에서 자라 살이 쫄깃하고 기름기가 많아 대단히 맛있다. 이슈가르드 귀족들이 즐겨 먹는다고 한다.",12737,130,3,397,true,0
324,"민물에 정착해 살아가는 앵무조개의 근연종으로 추정된다. 갑각 내 격벽에 채운 마력에서 열을 얻으며 활동한다.",12738,133,3,397,true,0
325,"툭 떨어질 듯 커다란 눈알을 가진 금붕어. 하늘에서 날아드는 천적을 경계하기 위해 눈이 거대해진 것으로 추정된다.",12739,133,2,401,true,0
326,"잉어와 닮았지만, 등지느러미가 짧으며 몸도 가늘고 길다. 끊임없이 물풀을 먹는다 하여 초어라는 이름이 붙었다.",12740,130,2,398,true,0
327,"사납기로 유명한 피피라의 원종. 강을 건너려는 초코보를 집단으로 습격해, 단 몇 분 만에 뼈만 남기고 먹어치웠다는 일화가 전해진다.",12741,145,2,398,true,0
328,"몸을 거꾸로 뒤집은 채 헤엄치는 특이한 민물고기. 기묘한 무늬와 함께 포식자를 혼란시키는 효과가 있다고 한다.",12742,133,3,400,true,0
329,"동족끼리 입맞춤을 반복하는 기묘한 물고기. 하지만 이는 애정 표현이 아니라, 서로를 위협하는 행동이라고 한다.",12743,133,2,400,true,0
330,"최근 새로 발견된 구름고기. 아유나르트 가 기병들이 교황의 '주교관'과 비슷하다며 이런 이름을 붙였다.",12744,133,6,401,true,0
331,"고열을 견디는 껍데기를 가진 생물. 용암의 열을 이용한다는 것 외에는 알려진 바가 없다.",12745,133,7,398,true,0
332,"빙하핵의 근연종으로 추정되는 생물. 바누바누족 사이에서는 번개구름의 씨앗이라고 불리며, 조명으로 이용되고 있다.",12746,133,6,401,true,0
333,"지식과 하천의 신 살리아크가 전령으로 부렸다고 전해지는 물고기. 방랑둑중개의 근연종인 듯하다.",12747,133,3,399,true,0
334,"강력한 이빨로 수면에 낀 얼음을 깨고, 얼음 위를 건너는 동물을 잡아먹는다. 북극곰과 사투를 벌였다는 목격담도 있다.",12748,136,3,397,true,0
335,"머리에 거대한 혹이 있는 민물고기. 뚱뚱한 모양새가 바누바누족과 비슷하여 이렇게 불린다.",12749,136,2,401,true,0
336,"선명한 주황색 무늬와 우아한 꼬리지느러미가 두드러진다. 그나스족은 이 물고기를 무신 라바나의 사도로 여긴다고 한다.",12750,136,3,398,true,0
337,"폐로 호흡하는 물고기. 물이 말라도 가사 상태로 몇 년은 살아남을 수 있다고 한다.",12751,180,3,402,true,0
338,"사납기로 유명한 민물고기. 커얼어의 근연종으로, 근동 원산의 맹수 '호랑이'를 닮은 줄무늬를 가졌다.",12752,136,3,399,true,0
339,"흔히 요정과 비교되는 작은 구름바다 생물. 하지만 바누바누족은 그들의 미적 감각에 맞지 않아, 추악함의 상징으로 여긴다고 한다.",12753,130,6,401,true,0
340,"뜨겁게 달군 집게로 딱딱한 용암벌레를 찢어 잡아먹는 용암의 요리사. 갑각은 아다만 갑주처럼 딱딱하다.",12754,136,7,398,true,0
341,"염옥을 날아다니는 전설의 요마 '아이톤'의 자식이라고 전해지는 용암 생물. 표면은 유리화된 광물로 덮여있다.",12755,136,7,398,true,0
342,"나무를 파먹는 식성이 있어, 목조 선박에 달라붙어 바닥에 큰 구멍을 낸다. 일찍이 샬레이안에서 수많은 배를 침몰시킨 주범.",12756,136,2,399,true,0
343,"뭍과 물 양쪽에서 살 수 있는 곤충. 하지만 어느 쪽에서나 먹이사슬의 가장 밑바닥을 차지하고 있다.",12757,130,2,399,true,0
344,"등불해조구의 근연종. 모그리족 사이에서는 죽으면 머리 위의 폼폼이 떨어져 구름바다를 떠다닌다는 소문이 있다.",12758,136,3,400,true,0
345,"겉보기에는 산호처럼 생겼지만, 사실은 작은 결정 모양 생물의 집합체이다. 광물을 녹여 양분으로 삼는 점은 코브란과 닮았다.",12759,136,7,398,true,0
346,"고고도에 적응한 구름칼치의 일종. 구름 속에 있는 포식자들을 따돌리기 위해 구름 위로 팔짝팔짝 뛰며 이동한다.",12760,136,6,400,true,0
347,"고지 드라바니아에 서식하는 대형 농어. 입질이 워낙 강해, 낚시를 좋아하는 원주민 사냥꾼들에게 사랑받는 낚시감으로 통한다.",12761,139,2,398,true,0
348,"한랭지에 적응해 살아가는 희귀한 민물 복어. 이슈가르드에서는 재물의 상징으로 여겨져, 귀족들 사이에서 관상어로 인기가 높다.",12762,136,3,397,true,0
349,"평소에는 호수 바닥에 숨어있다가, 눈이 내릴 것처럼 수온이 낮아지면 움직임이 둔해진 물고기를 잡기 위해 활동하기 시작한다.",12763,136,3,397,true,0
350,"어린 드래곤의 뼈를 뒤집어썼다고 전해지지만, 사실 대부분은 잠자리용의 머리뼈를 이용한 것이다.",12764,136,2,398,true,0
351,"눈보라가 치면 활발히 먹이를 잡아먹는다. 뇌신어와 동일한 종이 아니냐는 의혹이 있다. 별명은 '눈보라를 부르는 자'.",12765,136,2,397,true,0
352,"빙하핵을 잡아먹는 부유 해파리. 그래서인지 눈보라가 그치는 길한 징조로 커르다스 사람들에게 사랑받는다.",12766,136,5,397,true,0
353,"햇빛을 받아 빛나는 마름모꼴 비늘이 특징인 고대어. 곤충을 잡아먹기 때문인지, 그나스족은 이 물고기를 혐오한다고 한다.",12767,139,3,398,true,0
354,"오스카의 백변종. 긴 지느러미와 새하얀 몸이 특징이다. 자연계에서는 지나치게 눈에 띄어 금세 잡아먹히는 탓에 찾아보기 힘들다.",12768,139,3,400,true,0
355,"'식인 물고기'라는 별명을 가진 포악한 거대 메기. 실제로 사람을 먹지는 않지만, 일대에 사는 물고기를 전부 잡아먹을 만큼 탐욕스럽다.",12769,136,2,398,true,0
356,"정체를 알 수 없는 기묘한 부유 문어. 고블린족의 가면을 연상케 하는 생김새 때문에 모험가들이 이러한 애칭을 붙였다.",12770,139,6,400,true,0
357,"하늘섬 절벽에 달라붙어 살아가는 말미잘 같은 생물. 그 생김새는 전설의 요마 '메두사'의 머리를 떠올리게 한다.",12771,139,6,400,true,0
358,"내열성이 뛰어난 비늘을 가진 용암성 고둥. 서식하는 지역은 다르지만 철갑고둥과 비슷한 종류라는 설이 있다.",12772,139,7,398,true,0
359,"눈이 있지만, 기능이 퇴화하여 빛에 반응하지 않는다. 그 추악한 모습은 흡사 보이드의 요마를 연상시킨다.",12773,139,8,402,true,0
360,"얼굴이 애교스러운 양서류. 불도롱뇽의 일종이라는 견해가 있으나, 확실하지는 않다.",12774,150,3,402,true,0
361,"알라그 석판을 해독한 결과에 따르면, 장갑판 재료로 이용할 것을 염두에 두고 갑각의 경도를 강화한 품종이라고 한다.",12775,139,8,402,true,0
362,"금붕어보다 훨씬 눈부시게 반짝이는 마법샘고기. 숨이 멎을 정도로 아름답지만, 사육하려면 마법샘 수조가 필요해서 키우기가 매우 어렵다.",12776,139,8,402,true,0
363,"빛에 반응하지 않고 능숙하게 사냥하는 물고기. 독특한 기관으로 에테르 농도를 감지하는 듯하다.",12777,139,2,402,true,0
364,"강한 독성이 있는 마법샘에 적응해 살아가는 소형 물고기. 색깔이 징그러워 도저히 먹고 싶은 생각이 들지 않는다.",12778,139,8,402,true,0
365,"유리농어와 비슷하게 생겼지만, 몸이 꼭 투명해지지는 않는다. 개체마다 투명도 차이가 매우 큰 특징이 있다.",12779,145,2,402,true,0
366,"이름처럼 좋은 향기가 나는 물고기. 샬레이안 사람들이 즐겨 먹었지만, 고블린족이 들여온 외래종에 생태를 위협받고 있다.",12780,136,2,399,true,0
367,"가슴지느러미가 커서 위에서 봤을 때 나비처럼 보이는 고대어. 일찍이 샬레이안에서는 정원 연못에서 관상어로 키웠다.",12781,142,3,399,true,0
368,"머리에 갈기처럼 생긴 기관이 있는 고대어. 동그란 폼폼을 사랑하는 모그리족은 너무 흉하게 생겼다며 싫어하는 모양이다.",12782,142,3,400,true,0
369,"낙엽과 비슷하게 생긴 물고기. 떠내려가는 나뭇잎 틈에 섞여 작은 물고기에게 접근한 후, 재빠르게 잡아먹는 사냥의 명수이다.",12783,142,3,399,true,0
370,"범선의 돛처럼 커다란 지느러미로 바람속성 에테르를 받아 고고도를 비행하는 구름고기. 그 모습은 웅장하기 그지없다.",12784,139,6,400,true,0
371,"자기보다 큰 구름고기를 타고 하늘을 이동하는 구름고기. 그 대신 숙주의 등에 달라붙은 해충 따위를 먹어치운다고 한다.",12785,142,6,401,true,0
372,"에테르충과 마찬가지로 거의 먹이를 먹지 않는다. 마그마에 흐르는 불속성 및 땅속성 에테르를 섭취하는 듯하다.",12786,142,7,398,true,0
373,"고열에 적응한 거북. 화산이 분화할 때 높이 쏘아 올려진 개체가 운석처럼 떨어졌다는 전설도 있다.",12787,142,7,398,true,0
374,"무수한 촉수를 뻗어 주위의 벌레를 잡아먹는 수수께끼의 물질. 묘하게 매끈거리는 표면은 사람의 피부처럼 보이기도 한다.",12788,142,8,402,true,0
375,"평소에는 하늘섬 절벽에 달라붙어 있지만, 구름고기를 발견하면 뛰어내렸다가 머리에 달린 비막으로 활공하여 돌아온다.",12789,142,6,400,true,0
376,"분홍빛을 띤 조개. 샬레이안에서는 행운의 상징으로 여겨져, 어렵기로 유명한 마법대학에 도전하는 수험생들이 이 조개의 껍데기를 지니고 다녔다고 한다.",12790,142,2,399,true,0
377,"높은 수압으로 물을 분사하여 물가에 온 드래곤족의 몸에 상처를 내고, 흘러나온 혈액을 마시는 무서운 습성이 있다.",12791,145,3,402,true,0
378,"일부 낚시꾼 모그리들 사이에서 엄청나게 인기 있는 물고기. 그들에게는 이 물고기의 알이 매우 맛있게 느껴진다고 한다.",12792,145,3,400,true,0
379,"독이 있지만, 워낙 맛이 좋아 과거에는 무분별하게 포획되었던 환상의 구름고기. 몸속의 가스 주머니를 풍선처럼 부풀려 날아다닌다.",12793,145,6,400,true,0
380,"하늘요정 셀레네의 근연종으로, 이쪽은 몸 색깔이 붉다. 섭취하는 먹이의 차이로 인해 색깔이 달라진 것으로 보인다.",12794,145,5,400,true,0
381,"하늘섬에 달라붙어 살아가는 산호. 모그리족 예술가는 이것을 잘게 부수어 만든 빨간 물감으로 그림 석판을 칠한다고 한다.",12795,145,6,400,true,0
382,"촉수를 이용해 조개류를 잡아먹는 민물 문어. 드물게 눈 위를 기어 이동할 때도 있지만, 도중에 예티에게 잡아먹히기도 한다.",12796,145,3,397,true,0
383,"잎처럼 생긴 비막을 이용해 구름바다를 하늘하늘 날아다닌다. 가끔 덜렁대는 모그리족이 드래곤으로 착각해 큰 소동을 벌이기도 한다.",12797,145,6,400,true,0
384,"바람속성 에테르를 조종해 토네이도급 회오리를 만들어 타고 날아다닌다. 그 밖에는 특별히 밝혀진 사실이 없다.",12798,180,6,401,true,0
385,"커다란 가스 주머니를 가진 부유 해파리. 일설에 따르면 이것을 본 이크살족이 기구의 원리를 발명했다고도 한다.",12799,145,5,397,true,0
386,"고온을 견뎌내기 위해 금속질 비늘로 온몸이 뒤덮인 용암고기. 바위처럼 생긴 모습 때문에 화석으로 오인되는 일도 많다.",12800,145,7,398,true,0
387,"지느러미를 손발처럼 이용해 돌아다니는 징그러운 물고기. 그 모습이 어쩐지 어인 종족 로프켄과 많이 닮았는데…….",12801,145,8,402,true,0
388,"하천 생태계의 정상에 군림하는 사나운 포식자. 물론 드래곤족을 제외했을 경우의 이야기이다.",12802,145,2,398,true,0
389,"드래곤족의 먹이로 이용하기 위해 마과학으로 품종개량한 물고기. 번식 능력이 탁월하고 영양가도 높다고 한다.",12803,180,3,402,true,0
390,"과학자 집단 '푸른손'이 품종개량한 고블린 농어. 흙내가 심하고 맛이 없지만, 고블린족 입맛에는 잘 맞는 듯하다.",12804,145,2,399,true,0
391,"눈으로 따라가기도 힘든 속도로 비행하는 구름고기. 어린 드래곤족은 이 구름고기를 상대로 사냥을 연습한다고 한다.",12805,145,6,400,true,0
392,"아지스 라 주변 하늘에서 독자적으로 진화한 구름고기. 자극을 가하면 온몸에 빼곡히 난 가시에서 독액을 분무한다.",12806,148,6,402,true,0
393,"송장고기의 원종으로 여겨지는 물고기. 투명한 젤리 형태의 외투막을 생성하여 마법샘의 독소로부터 몸을 지킨다고 한다.",12807,145,8,402,true,0
394,"겉보기에는 봉골라 조개와 닮았지만, 표면이 이상하리만치 부드럽다. 날아다니는 원리조차 밝혀지지 않은 정체불명의 존재.",12808,150,6,402,true,0
395,"따뜻한 물을 좋아하는 물고기. 이슈가르드의 귀부인들 사이에서는 피부 각질을 먹어주는 '치료사 물고기'로 알려져 있다.",12809,145,3,397,true,0
396,"하늘섬 사이를 넘나드는 전갈. 한 쌍의 집게로 구름고기를 잡아 하늘섬으로 옮긴 뒤, 깨끗하게 해체하여 내장을 먹는다.",12810,145,6,401,true,0
397,"배에 있는 빨판과 지느러미로 바위를 오르는 기묘한 물고기. 그 후 바위에서 뛰어내리며 비행하는 벌레를 잡아 물속으로 들어간다.",12811,145,3,402,true,0
398,"지느러미를 이용해 마법샘을 이곳저곳 돌아다니는 기묘한 물고기. 물 밖에 나와 있을 때는 매우 눈에 띄지만, 독이 있어 잡아먹히지 않는다.",12812,145,8,402,true,0
399,"길게 뻗은 등지느러미로 바람속성 에테르를 모아 날아다니는 구름고기. 날카롭고 긴 이빨로 사냥감을 덮치는 모습이 무시무시하다.",12813,148,6,400,true,0
400,"비행가오리의 근연종. 구름바다를 소리도 없이 미끄러지듯 날아다니기 때문에, 바누바누족은 이것을 죽은 자의 혼이라고 여긴다.",12814,148,6,401,true,0
401,"위험을 감지하면 기름 같은 미끌미끌한 물질을 분비하는 징그러운 물고기. 맨손으로 잡기는 불가능에 가깝다.",12815,148,8,402,true,0
402,"보석처럼 빛을 내는 촉완으로 물고기를 유인해 잡아먹는 해파리. 맹독이 있어 함부로 만지면 안 된다.",12816,148,8,402,true,0
403,"뾰족한 코끝은 충각, 거대한 지느러미는 노처럼 보인다 하여 군함에 빗대어진다. 실제로도 돌진력이 무시무시하다.",12817,148,2,397,true,0
404,"최대 1얄름까지 성장하는 대형 가재. 일찍이 샬레이안에서는 이 가재의 크기를 견주는 품평회가 열렸다고 한다.",12818,148,3,399,true,0
405,"저지 드라바니아에 서식하는 고유종. 고블린족이 방류한 외래종과 치열한 생존 경쟁을 펼치고 있다.",12819,150,3,399,true,0
406,"메기와 닮은 용암고기. 일부 전승에는 화산의 분화를 관장하는 존재로 기록되어 있으나, 실물을 목격한 사람은 적다.",12820,148,7,398,true,0
407,"옛 모습을 그대로 유지하고 있는 날개 달린 갑린강 생물. 드래곤족으로 착각하는 사람도 많으나, 지능이 낮아서 짐승이나 마찬가지이다.",12821,145,6,400,true,0
408,"에테르 날개가 커다랗게 발달한 구름고기. 가느다란 지느러미를 다리처럼 이용해서 하늘섬 절벽에 붙어 휴식을 취하기도 한다.",12822,148,6,401,true,0
409,"솟아나는 온천수 주위에 서식하는 성게의 일종. 온천에 몸을 담그러 온 예티가 이것을 밟고 광분 상태에 빠지기도 한다.",12823,180,3,397,true,2500
410,"온천지대에 자리 잡은 송어. 따뜻해서 옅은 분홍색으로 상기된 것처럼 보여 이렇게 불린다.",12824,148,3,397,true,0
411,"바람 크리스탈 성분을 함유한 등딱지로 하늘을 나는 신기한 거북. 하지만 등딱지에 상처가 나면 순식간에 땅으로 떨어진다.",12825,180,6,402,true,2502
412,"무시무시한 마력으로 냉기를 방출하여 용암의 열을 견뎌내는 신기한 물고기. 그래서인지 전설 속 '흑마도사'의 이름으로 불린다.",12826,150,7,398,true,0
413,"머리는 투명한 반구형 막으로 덮여 있으며, 눈알은 원통 모양으로 생겨 기계처럼 보인다. 키메라 실험의 결과물로 여겨진다.",12827,180,8,402,true,2502
414,"전기를 발생시켜 주위에 있는 사냥감을 찾아 잡아먹는 교활한 포식자. 생김새는 장어와 닮았지만, 전혀 다른 종이다.",12828,150,2,398,true,0
415,"아발라시아 구름바다에만 사는 꼬치어. 채찍처럼 몸을 굽혀 튀어 올라서, 하늘을 나는 게일리캣을 잡아먹기도 한다.",12829,150,3,401,true,0
416,"저지 드라바니아의 고유종 아로와나. 엄청난 크기로 성장한다. 성질이 온순하여 느긋하게 헤엄치는 모습이 철학자처럼 보인다.",12830,180,3,399,true,2501
417,"비늘이 발달해 갑옷처럼 보이는 악어. 철인농어를 대량으로 잡아먹는 탓에 푸른손은 이것을 눈엣가시로 여긴다.",12831,150,2,399,true,0
418,"깊은 땅속에 있는 마그마 웅덩이에 서식하는 환상의 용암고기. 그간 상상 속에나 나오는 존재로 여겨졌기 때문에 학계에 충격을 몰고 왔다.",12832,180,7,398,true,2501
419,"박물전함에 보관돼있던 생체 견본. 아마도 고대의 익룡이거나, 그것을 바탕으로 개량한 존재인 듯하다.",12833,150,6,402,true,0
420,"거대한 날개막으로 하늘섬을 날아다니는 문어. 바누바누족은 흡혈귀라며 두려워하지만, 실제로는 피를 빨지 않는다.",12834,150,6,401,true,0
421,"평소에는 비막을 이용해 날아다니지만, 사냥감을 발견하면 몸속에서 발효시킨 가스를 분사하여 엄청난 속도로 덮친다.",12835,180,6,400,true,0
422,"살리아크 강의 고유종. 투쟁심이 너무 강한 나머지 대형 어류에게도 정면으로 덤빈 결과, 개체 수가 적고 희귀하다.",12836,180,2,399,true,2501
423,"번식기가 되면 뱃속에 알을 가득 품은 암컷이 잡힌다. 대단히 맛있지만, 워낙 수가 적어 좀처럼 유통되지 않는다.",12837,180,3,397,true,2500
424,"은근히 어인종족 오프켄을 닮은 마법샘고기. 낚아 올리면 지성이 느껴지는 눈빛을 보낸다.",13727,180,8,402,true,2502
425,"한랭지 호수에 서식하는 껍데기 없는 조개. 여섯 개의 촉수를 뻗어 작은 생물을 잡아먹는 모습은 끔찍하기 짝이 없다.",13728,180,3,397,true,2500
426,"고지 드라바니아에 서식하는 아발라시아 빙어의 근연종. 잠자리용의 좋은 영양 공급원이라고 한다.",13729,150,2,398,true,0
427,"아발라시아 구름바다 고공층에서 볼 수 있는 푸른하늘산호의 근연종. 환경 에테르 농도가 다르기 때문에 색이 약간 옅다.",13730,180,6,401,true,2502
428,"마나항해어의 근연종. 평소에는 하늘섬 바닥에 달라붙어 숨어있지만, 해 질 무렵에 먹이를 찾아 일제히 날아오른다.",13731,180,6,400,true,2501
429,"살리아크 강에서 최근 개체 수가 늘고 있는 외래종. 고블린족 낚시꾼이 낚시를 즐기려고 살리아크 강에 풀었다고 한다.",13732,180,2,399,true,2501
430,"고지 드라바니아에서 발견된 용암성 달팽이. 껍데기에 용암을 부착하여 고열로부터 몸을 지키는 듯하다.",14215,180,7,398,true,2501
431,"호박석 같은 무늬를 가진 양서류. 평소에는 곤충이나 거미를 잡아먹지만, 의외로 사나워서 때로는 동족을 잡아먹는 경우도 있다.",14211,180,2,398,true,2501
432,"비교적 물살이 느린 곳을 찾아 조용히 살아가는 소형 물고기. 호랑고기의 좋은 먹잇감이 된다.",14212,180,2,399,true,2501
433,"원반형 몸통으로 바람속성 에테르를 받아 날아다니는 구름고기. 떼를 지어 우아하게 비행하는 모습은 말 그대로 뭉게구름처럼 보인다.",14213,180,6,401,true,2502
434,"연달아 신종이 발견되는 드라바니아 구름바다에서 새로 찾아낸 익룡의 일종. 크고 긴 볏을 가졌지만, 어떤 기능이 있는지는 밝혀지지 않았다.",14214,180,6,400,true,2501
435,"빛을 내는 유인용 돌기로 물고기를 끌어들여 잡아먹는다. 이 기관이 아름다운 보석으로 장식한 사제의 관을 닮았다 하여 사제아귀라는 이름이 붙게 되었다.",14216,180,3,397,true,2500
436,"커르다스 지방의 호수에 분포하는 대형 굴. 바위에 너무 강하게 밀착되어있어, 성도에서는 전쟁신 강철에 빗대기도 한다.",14217,180,3,397,true,2500
437,"올리펀트 코처럼 생긴 독특한 주둥이를 가진 마법샘고기. 미세한 전기를 방출해 주위를 탐색하며 먹이를 찾는다고 한다.",14218,180,8,402,true,2502
438,"성 다니펜이 호수의 크라켄을 퇴치한 일화는 오랜 세월 비유적인 표현으로 여겨졌으나, 최근 실제로 이 오징어가 발견되었다.",14219,180,3,397,true,2500
439,"비늘 같은 무늬가 있어, 샬레이안의 학자들 사이에서는 다리가 퇴화된 갑린강이 아니냐는 의견이 나오기도 했다.",14220,180,2,399,true,2501
440,"마법인형 기술로 혼자 움직이는 양동이. 게으른 낚시꾼이 낚은 고기를 나르기 위해 만든 듯하나, 긴 세월 동안 호수 바닥에 가라앉아 있었다.",15439,180,3,397,true,0
441,"재물의 상징인 커르다스 복어 중에서도 특히 거대한 개체. 금화가 꽉 찬 귀족의 지갑에 비유된다.",15626,180,3,397,true,0
442,"거대한 온천성게. 온천욕을 즐기러 온 예티의 발에 상처를 입혀 죽게 한 전력이 있다고 한다.",15627,180,3,397,true,2500
443,"이슈가르드의 전설적인 갤리선 '근위함'의 이름을 딴 거대한 군함어. 돌진력으로 수많은 먹잇감을 사냥했다.",15628,180,2,397,true,2500
444,"두려움을 모르는 그림자수염. 물을 마시러 내려온 드래곤족의 발을 물어, 비늘을 벗겨 먹었다는 일화가 있다.",15629,180,2,398,true,2501
445,"바스의 토굴집에 있는 그나스족 '강심장'의 꿈에 밤마다 나타나는 물고기 괴물. 둘이 어떤 관계인지는 알 수 없다.",15630,180,3,398,true,2501
446,"거대한 혜성거북. 빨갛게 달아오른 등딱지를 빛내며 사냥감에게 달려드는 모습이 전설의 파괴마법 '메테오'처럼 보인다.",15631,180,7,398,true,2501
447,"살리아크 강은 때로 지식의 신 살리아크의 물병에 비유된다. 그곳의 터주로 군림하는 것이 바로 이 내륙농어이다.",15632,180,3,399,true,0
448,"오스카의 백변종 중에서도 유독 거대하게 자란 개체. 그 모습이 마치 흰 날개의 비도프니르 같다.",15633,180,3,400,true,2501
449,"거대한 용의 혼. 그 모습을 본 모그리족이, 죽은 천룡 라타토스크가 돌아왔다고 착각했을 만큼 거대하다.",15634,180,6,400,true,2501
450,"물에 떨어뜨린 먹물이 스민 듯한 독특한 보호색을 지닌 아름다운 툭눈금붕어. 하늘섬 물가를 우아하게 노닌다.",15635,180,2,401,true,2502
451,"하늘을 나는 식인 상어가 흉악한 돌풍을 이끌고 돌아왔다. 최대순간풍속은 사상 최강. 말로는 더 설명할 수 없다.",15636,180,6,401,true,2502
452,"바위 표면에 붙어 암석 성분을 녹여 먹으며 등딱지를 더욱 단단하게 만든 개체. 드래곤족도 깨지 못할 정도로 단단하다.",15637,180,8,402,true,0
453,"드래곤족도 쉽게 삼키지 못할 정도로 자란 진광 피라루쿠. 살점도 딱딱해서 도저히 먹을 수 없다.",15638,180,3,402,true,2502
454,"빙하핵을 먹고 급성장한 서리해파리. 신전기사단은 대 시바용 방어책으로 이용할 방법을 모색하고 있었다.",16745,190,5,397,true,0
455,"한층 높은 열량을 내뿜는 마법사어. 얼지 않는 연못이 절대 얼지 않는 이유는 이 물고기가 존재하기 때문이라는 소문도 있다.",16746,190,3,397,true,0
456,"세 번 구부러진 입에, 두 갈래로 갈라진 혀를 가졌다고 소문난 물고기. 어부를 속이는 기술이 뛰어나 좀처럼 낚아 올릴 수가 없다.",16747,190,2,398,true,2501
457,"어딘지 모르게 덧없는 아름다움을 가진 나비고기. '대이동' 때 끌려간 남편이 돌아오기를 지금도 기다리고 있는 모양이다.",16748,190,3,399,true,2501
458,"대형 폼폼폼. 모그모그 고향의 초대 장로 '모그루그'의 머리에서 뜯겨나온 폼폼이 변한 모습이라는 소문이 있다.",16749,190,3,400,true,2501
459,"큰 몸집으로도 자유자재로 구름바다를 날아다니기 위해, 얇고 가벼운 몸을 손에 넣은 개체. 엷게 덮여 그림자가 지지 않는 권층운에 비유되곤 한다.",16750,190,6,401,true,2502
460,"유리화한 광물이 절묘한 비율로 몸 표면을 겹겹이 뒤덮어 매우 아름다운 빛을 띠는 용암생물. 감상용으로 높은 수요를 자랑한다.",16751,190,7,398,true,2501
461,"인간의 손가락처럼 생긴 촉수를 만들어내는 수수께끼의 생물. 연구 과정에서 만드는 방법을 알게 된 성 코이나크 재단 직원은 비명을 지르며 실신했다.",16752,190,8,402,true,2502
462,"꼬마 아홀로틀의 돌연변이. 무수한 눈처럼 보이는 특수한 반점으로 포식자가 꺼리도록 만들어 살아남아왔다.",16753,190,3,402,true,2502
463,"'푸른손'의 총수 퀵싱크스가 낚다가 놓쳐버렸다는 거물. 평생의 라이벌로 삼아 '만능'이라는 칭호를 붙여주었다.",16754,190,2,399,true,2501
464,"큼직한 얼음신어. 다이아몬드 더스트가 빛나는 차가운 겨울 하늘 아래서 우아하게 헤엄치는 모습 때문에, 언제부턴가 '얼음의 무녀'라고 불리게 되었다.",16756,190,2,397,true,2500
465,"이상할 만큼 크게 발달한 머리와 기묘한 이빨이 특징적인 익룡. 하늘섬 가장자리에 매달려있다가 활공비행으로 솜씨 좋게 구름고기를 사냥한다고 한다.",16742,190,6,400,true,2501
466,"입을 크게 벌리고, 구름고기떼를 단번에 먹어치우는 마물. 또, 입을 벌려서 공기 저항을 높여 급제동을 걸기도 한다.",16743,190,6,401,true,2502
467,"알라그 제국이 만들어낸 키메라 생물. 고주파로 진동하는 칼날 모양 주둥이로 적 병사를 베어버리는 투영 생물병기로 개발되었다.",16744,190,8,402,true,2502
468,"",0,0,0,0,true,0
469,"",0,0,0,0,true,0
470,"",0,0,0,0,true,0
471,"",0,0,0,0,true,0
472,"",0,0,0,0,true,0
473,"",0,0,0,0,true,0
474,"",0,0,0,0,true,0
475,"",0,0,0,0,true,0
476,"",0,0,0,0,true,0
477,"",0,0,0,0,true,0
478,"",0,0,0,0,true,0
479,"",0,0,0,0,true,0
480,"",0,0,0,0,true,0
481,"",0,0,0,0,true,0
482,"",0,0,0,0,true,0
483,"",0,0,0,0,true,0
484,"",0,0,0,0,true,0
485,"",0,0,0,0,true,0
486,"",0,0,0,0,true,0
487,"",0,0,0,0,true,0
488,"",0,0,0,0,true,0
489,"",0,0,0,0,true,0
490,"",0,0,0,0,true,0
491,"",6688,36,18,134,false,0
492,"",6689,41,18,134,false,0
493,"프테라노돈과 비슷한 갑린강 비행종. 주로 구름고기를 잡아먹지만, 드물게 하늘섬에 서식하는 어린 고대 야수를 노리기도 한다.",6690,46,18,134,false,0
494,"디아뎀 제도 일대의 하늘에 군림하는 사나운 포식자. 날카로운 부리로 비공정의 공기주머니를 찢어 격추시키기도 한다.",6691,50,18,134,false,0
495,"",6692,50,18,134,false,0
496,"디아뎀 제도에 서식하는 해조구의 일종. 빛의 각도에 따라 바뀌는 영롱한 색채는 왕관을 장식하는 보석에 비유된다.",0,2,18,155,false,0
497,"디아뎀 제도의 먹이사슬을 떠받치는 민물고기. 이곳에 서식하는 고대 야수는 물론, 비공정을 잃은 조난자들의 배도 채워준다.",0,2,18,156,false,0
498,"디아뎀 제도에서 확인된 대형 어류. 바람신 '가루다'의 이름으로 불리는 이유는 주변 하늘의 풍맥이 빠르게 변화하기 때문이다.",0,2,18,155,false,0
499,"디아뎀 제도에서 발견된 물고기의 일종. 아름다운 왕관을 노리는 도둑 같다고 하여 이렇게 불린다.",12241,136,18,397,false,0
500,"집게발을 매우 능숙하게 다루는 모습이 보석공예가와 비슷하다 하여 이름 붙여진 갑각류. 아름다운 이름과는 달리, 사체를 조각내 먹는 모습은 소름이 돋는다.",12242,150,18,397,false,0
501,"",12243,150,18,397,false,0
502,"",0,5,18,137,false,0
503,"",13733,150,18,401,false,0
504,"",13734,180,18,401,false,0
505,"",13631,180,18,401,false,0
506,"",13736,150,18,401,false,0
507,"",13737,150,18,401,false,0
508,"",13738,150,18,401,false,0
509,"",13739,180,18,401,false,0
510,"",13740,150,18,401,false,0
